part_dt,rfid_id,rfid_time,geom,fishing_code
20260101,31000001,6,"MULTILINESTRING ((128.066000 34.680474, 128.054952 34.659743, 128.064705 34.644532, 128.057897 34.620256, 128.075642 34.602192, 128.074432 34.588647, 128.084527 34.581543, 128.088213 34.561640, 128.104526 34.553624, 128.114813 34.530776, 128.129650 34.526195))",자망
20260101,31000001,7,"MULTILINESTRING ((128.049029 34.746177, 128.057868 34.759505, 128.051171 34.776125, 128.056420 34.787328, 128.049251 34.799561, 128.055093 34.815851, 128.037452 34.834209, 128.039593 34.850290, 128.021044 34.864693, 128.020477 34.877824, 127.998148 34.891142, 127.992848 34.912018, 127.974272 34.920290, 127.971188 34.932189))",자망
20260101,31000001,8,"MULTILINESTRING ((128.065301 34.687698, 128.045465 34.678032, 128.044752 34.667649, 128.031985 34.659362, 128.031357 34.635643, 128.020751 34.629204, 128.021010 34.614550, 128.005911 34.600277, 128.010886 34.580025, 127.994333 34.561390, 127.996839 34.551331, 127.981263 34.533951))",자망
20260101,31000001,9,"MULTILINESTRING ((128.042414 34.695674, 128.023342 34.692148, 128.011789 34.674422, 127.998108 34.673178, 127.978314 34.653572, 127.952678 34.651076, 127.935343 34.629815, 127.909470 34.626719, 127.899368 34.615071, 127.869619 34.613698, 127.861513 34.602333))",자망
20260101,31000001,10,"MULTILINESTRING ((128.082742 34.723702, 128.100258 34.709729, 128.124072 34.715565, 128.140630 34.706000, 128.161373 34.711451, 128.175048 34.706604, 128.194007 34.718189, 128.223523 34.712643, 128.238708 34.721864, 128.251139 34.720837, 128.268260 34.731595))",자망
20260101,31000001,11,"MULTILINESTRING ((128.041059 34.710124, 128.020148 34.706485, 128.012313 34.692638, 127.992511 34.687712, 127.981717 34.666184, 127.968060 34.661494, 127.962817 34.650662, 127.946270 34.645797, 127.938496 34.625084))",자망
20260101,31000001,12,"MULTILINESTRING ((128.037516 34.749438, 128.034906 34.772682, 128.018796 34.779825, 128.012379 34.793454, 127.996128 34.797838, 127.990340 34.809471, 127.970801 34.814938, 127.961626 34.838088, 127.932563 34.842881, 127.920703 34.858385, 127.893403 34.857927, 127.880148 34.869598))",자망
20260101,31000001,13,"MULTILINESTRING ((128.043746 34.752086, 128.037515 34.774882, 128.023601 34.780656, 128.010878 34.802337, 127.992759 34.803546, 127.971380 34.822239, 127.956532 34.821229, 127.943668 34.829831, 127.918877 34.825163, 127.903193 34.837888, 127.879676 34.837189, 127.861276 34.854439, 127.834883 34.851388, 127.823396 34.858658))",자망
20260101,31000001,14,"MULTILINESTRING ((128.037704 34.693142, 128.007509 34.691485, 127.994035 34.676180, 127.980096 34.674307, 127.970369 34.659659, 127.949769 34.649897, 127.943321 34.627588, 127.917915 34.618969, 127.914431 34.607658, 127.889475 34.597744, 127.879987 34.580975, 127.851647 34.575543, 127.847232 34.559363, 127.824993 34.550240))",자망
20260101,31000001,15,"MULTILINESTRING ((128.005257 34.713965, 128.003267 34.725455, 127.984302 34.737221, 127.979838 34.760189, 127.967645 34.767207, 127.964042 34.779436, 127.950602 34.785057, 127.948586 34.795165, 127.935252 34.801656, 127.931002 34.820818))",자망
20260101,31000001,16,"MULTILINESTRING ((128.047925 34.703364, 128.032506 34.701317, 128.028652 34.687742, 128.013156 34.677035, 128.012220 34.661101, 128.001935 34.653241, 128.004491 34.642707, 127.997121 34.632929, 128.009755 34.610718, 127.997075 34.590342, 128.007873 34.572083, 128.002484 34.560847, 128.013071 34.544837))",자망
20260101,31000001,17,"MULTILINESTRING ((128.055114 34.678736, 128.037927 34.689294, 128.022004 34.685369, 128.006816 34.695105, 127.987707 34.691838, 127.974027 34.701317, 127.945550 34.693305, 127.927851 34.697759, 127.904900 34.683508, 127.877180 34.686007))",자망
20260101,31000002,6,"MULTILINESTRING ((129.452283 36.005471, 129.466850 35.995492, 129.487607 35.994188, 129.508202 36.004303, 129.519536 36.021831, 129.519231 36.037010, 129.506323 36.051327, 129.494449 36.056474))",통발
20260101,31000002,7,"MULTILINESTRING ((129.425365 35.996044, 129.429592 35.982911, 129.445466 35.971285, 129.462464 35.969287, 129.486000 35.973137, 129.493829 35.979773, 129.495106 35.995729, 129.483463 36.010426, 129.469740 36.014724, 129.448785 36.011220))",통발
20260101,31000002,8,"MULTILINESTRING ((129.453866 36.026544, 129.447099 36.037816, 129.430542 36.043806, 129.408883 36.042980, 129.396933 36.035141, 129.392691 36.018753, 129.397407 36.010389, 129.415601 36.004845, 129.434281 36.004686, 129.442831 36.008408, 129.451466 36.025107))",통발
20260101,31000002,9,"MULTILINESTRING ((129.408040 35.991559, 129.400284 35.984978, 129.390343 35.968010, 129.391699 35.949798, 129.407465 35.934027, 129.425490 35.927740, 129.448395 35.931875, 129.457417 35.939741, 129.462055 35.956820, 129.452491 35.974361))",통발
20260101,31000002,10,"MULTILINESTRING ((129.474993 36.027139, 129.485777 36.043343, 129.486032 36.061134, 129.475508 36.076345, 129.454718 36.083488, 129.443356 36.082183, 129.426932 36.071420, 129.419540 36.053991))",통발
20260101,31000002,11,"MULTILINESTRING ((129.437881 36.014234, 129.423221 36.024068, 129.404201 36.025660, 129.383694 36.016721, 129.375735 36.009225, 129.373034 35.999454, 129.376718 35.986310, 129.390865 35.975537))",통발
20260101,31000002,12,"MULTILINESTRING ((129.441388 36.037793, 129.418507 36.044111, 129.401645 36.040494, 129.390410 36.030273, 129.390771 36.020888, 129.398793 36.011346, 129.415422 36.003852, 129.431342 36.004356, 129.442634 36.009416))",통발
20260101,31000002,13,"MULTILINESTRING ((129.431304 36.012532, 129.434295 36.027248, 129.425919 36.042343, 129.409979 36.051689, 129.388186 36.051962, 129.375163 36.044108, 129.369556 36.032734, 129.373585 36.016067, 129.389892 36.001970, 129.406855 35.998109, 129.420989 36.000400, 129.434560 36.008967, 129.437673 36.017199, 129.433999 36.025056))",통발
20260101,31000002,14,"MULTILINESTRING ((129.438931 36.032479, 129.418356 36.040549, 129.406766 36.038307, 129.398152 36.032285, 129.384256 36.016012, 129.388276 35.998890, 129.401022 35.986183, 129.414709 35.980201, 129.424371 35.980709, 129.437972 35.989864, 129.441084 35.999325))",통발
20260101,31000002,15,"MULTILINESTRING ((129.446313 36.029779, 129.442598 36.016774, 129.445560 36.008401, 129.457699 35.999632, 129.469561 35.999416, 129.491020 36.007450, 129.497802 36.016559, 129.496575 36.030400, 129.485018 36.040710))",통발
20260101,31000002,16,"MULTILINESTRING ((129.434743 35.978803, 129.438412 35.970911, 129.451374 35.960904, 129.473794 35.958244, 129.493037 35.965964, 129.499111 35.979137, 129.496099 35.994037, 129.487622 36.003873, 129.473827 36.009981, 129.454548 36.008689, 129.441981 36.002371, 129.438208 35.994962, 129.439756 35.981673))",통발
20260101,31000002,17,"MULTILINESTRING ((129.469451 36.007928, 129.478646 36.026570, 129.473570 36.039657, 129.456176 36.052553, 129.433906 36.060878, 129.410959 36.059250, 129.395064 36.048228, 129.387510 36.034891, 129.391047 36.015178, 129.398628 36.005649, 129.419078 36.001127, 129.430195 36.003336, 129.447243 36.014099))",통발
20260101,31000003,6,"MULTILINESTRING ((128.388393 35.059275, 128.426761 35.061668, 128.477421 35.061652, 128.498709 35.063246, 128.520340 35.061271, 128.561605 35.053177, 128.603566 35.038408, 128.642589 35.020835, 128.662485 35.013614, 128.698334 34.997921, 128.715698 34.989322, 128.752725 34.972296, 128.782693 34.960284, 128.819691 34.943548))",연안복합
20260101,31000003,7,"MULTILINESTRING ((128.310488 35.028658, 128.289345 35.049658, 128.259252 35.081724, 128.247813 35.098017, 128.223620 35.127938, 128.190687 35.162053, 128.169290 35.183291, 128.144901 35.208352, 128.130054 35.232578, 128.115206 35.259926, 128.102737 35.284246))",연안복합
20260101,31000003,8,"MULTILINESTRING ((128.303123 35.065738, 128.253809 35.078718, 128.217652 35.088301, 128.170980 35.102429, 128.144779 35.115837, 128.111758 35.130633, 128.084369 35.154112, 128.062914 35.171335, 128.044583 35.191605, 128.013783 35.222829, 127.988092 35.246534))",연안복합
20260101,31000003,9,"MULTILINESTRING ((128.305415 35.060810, 128.261648 35.074898, 128.219797 35.090805, 128.185678 35.105778, 128.145981 35.116269, 128.111308 35.127056, 128.091578 35.133744, 128.072999 35.145614))",연안복합
20260101,31000003,10,"MULTILINESTRING ((128.309229 35.022711, 128.286730 35.029136, 128.265869 35.035224, 128.241689 35.045021, 128.211058 35.055402, 128.191840 35.060524, 128.144510 35.069618, 128.108576 35.076567, 128.079623 35.085974, 128.035695 35.096922, 128.009417 35.106480, 127.982365 35.112914))",연안복합
20260101,31000003,11,"MULTILINESTRING ((128.332763 35.077558, 128.341154 35.105672, 128.345797 35.125880, 128.348758 35.145966, 128.350529 35.162654, 128.350386 35.179998, 128.357973 35.212659, 128.360601 35.244455))",연안복합
20260101,31000003,12,"MULTILINESTRING ((128.354112 35.008553, 128.389480 34.981555, 128.426409 34.953434, 128.452188 34.928356, 128.477563 34.912330, 128.499600 34.894914, 128.530363 34.874083, 128.559296 34.859848, 128.579703 34.851730, 128.608592 34.841412, 128.632118 34.833237))",연안복합
20260101,31000003,13,"MULTILINESTRING ((128.335320 35.034866, 128.341415 35.015599, 128.353205 34.981735, 128.364987 34.953123, 128.368397 34.936751, 128.376789 34.893988, 128.383195 34.874767, 128.397545 34.836256))",연안복합
20260101,31000003,14,"MULTILINESTRING ((128.376409 35.037839, 128.423045 35.046151, 128.462056 35.052612, 128.508443 35.065480, 128.546557 35.076214, 128.579117 35.081653, 128.621889 35.090473, 128.663875 35.104150, 128.696989 35.110480))",연안복합
20260101,31000003,15,"MULTILINESTRING ((128.363816 35.020847, 128.375779 34.981528, 128.384079 34.947267, 128.395825 34.905911, 128.400366 34.884342, 128.401487 34.855172, 128.392141 34.815694, 128.385200 34.785773, 128.383327 34.749565))",연안복합
20260101,31000003,16,"MULTILINESTRING ((128.391685 35.049094, 128.411676 35.034363, 128.429905 35.025968, 128.461186 35.018498, 128.510462 35.015534, 128.541079 35.014088, 128.578335 35.024331, 128.617188 35.032084, 128.652080 35.037744, 128.683171 35.045748, 128.706264 35.052394))",연안복합
20260101,31000003,17,"MULTILINESTRING ((128.338163 35.074854, 128.317810 35.107718, 128.304278 35.129023, 128.289885 35.147033, 128.271862 35.172180, 128.261006 35.187518, 128.240633 35.226514, 128.226016 35.253903))",연안복합
20260101,31000004,6,"MULTILINESTRING ((129.148605 35.534880, 129.158514 35.507354, 129.171745 35.501428, 129.177663 35.485667, 129.191973 35.480502, 129.196916 35.458770, 129.211602 35.451544, 129.215508 35.438028))",채낚기연승낚시
20260101,31000004,7,"MULTILINESTRING ((129.182130 35.528249, 129.184959 35.503676, 129.199965 35.495459, 129.201845 35.482377, 129.215027 35.475391, 129.221457 35.449683, 129.240817 35.440120, 129.246069 35.425311, 129.277018 35.417764, 129.291748 35.401078))",채낚기연승낚시
20260101,31000004,8,"MULTILINESTRING ((129.196867 35.534531, 129.220277 35.529021, 129.241206 35.540711, 129.257237 35.537769, 129.284152 35.555439, 129.318763 35.555308, 129.334255 35.572080, 129.353380 35.572255, 129.362038 35.583350, 129.382153 35.587119))",채낚기연승낚시
20260101,31000004,9,"MULTILINESTRING ((129.140197 35.564603, 129.119420 35.584003, 129.096724 35.590098, 129.080558 35.614334, 129.066529 35.617738, 129.048501 35.638361, 129.018778 35.634182, 129.003610 35.642398, 128.981591 35.636364))",채낚기연승낚시
20260101,31000004,10,"MULTILINESTRING ((129.128196 35.559541, 129.124454 35.572942, 129.104525 35.580934, 129.096995 35.596518, 129.075138 35.604043, 129.066476 35.624669, 129.033423 35.632902, 129.027925 35.646371, 128.996878 35.653541, 128.984454 35.669747, 128.954403 35.671719))",채낚기연승낚시
20260101,31000004,11,"MULTILINESTRING ((129.173173 35.519861, 129.167272 35.496047, 129.183779 35.479764, 129.182954 35.459615, 129.200501 35.447794, 129.202055 35.430678, 129.220703 35.419403, 129.222757 35.406863, 129.247682 35.396515, 129.252789 35.385950, 129.269104 35.380026, 129.278761 35.354732, 129.303882 35.344234, 129.309707 35.329005))",채낚기연승낚시
20260101,31000004,12,"MULTILINESTRING ((129.168666 35.566948, 129.196565 35.550288, 129.215707 35.551047, 129.230763 35.539596, 129.252330 35.544397, 129.264045 35.538111, 129.295780 35.545097, 129.316925 35.537056, 129.344665 35.550692))",채낚기연승낚시
20260101,31000004,13,"MULTILINESTRING ((129.121815 35.551868, 129.088130 35.552956, 129.068497 35.532213, 129.038877 35.528364, 129.023442 35.507066, 129.002531 35.498150, 129.001389 35.475563, 128.987611 35.464666, 128.990859 35.446478, 128.975462 35.424060, 128.983756 35.411778, 128.977514 35.395504))",채낚기연승낚시
20260101,31000004,14,"MULTILINESTRING ((129.174736 35.561069, 129.174419 35.546605, 129.192405 35.535107, 129.205255 35.509358, 129.220158 35.507629, 129.238021 35.487007, 129.271049 35.485650, 129.281093 35.475527, 129.298314 35.473471))",채낚기연승낚시
20260101,31000004,15,"MULTILINESTRING ((129.130377 35.522112, 129.095009 35.518679, 129.086728 35.507899, 129.052812 35.500512, 129.046143 35.481989, 129.033635 35.475786, 129.032106 35.458471, 129.009190 35.440403))",채낚기연승낚시
20260101,31000004,16,"MULTILINESTRING ((129.156654 35.556689, 129.157345 35.543110, 129.170064 35.535698, 129.172924 35.515221, 129.184554 35.507927, 129.187202 35.489197, 129.199149 35.482827, 129.204325 35.457357, 129.218889 35.450618, 129.220296 35.424827))",채낚기연승낚시
20260101,31000004,17,"MULTILINESTRING ((129.149166 35.563860, 129.172767 35.579148, 129.172984 35.603652, 129.185846 35.617836, 129.184676 35.632556, 129.195506 35.642313, 129.191814 35.656165, 129.206621 35.679006, 129.191711 35.705165, 129.201037 35.726632))",채낚기연승낚시
20260101,31000005,6,"MULTILINESTRING ((126.974332 34.607917, 126.997135 34.599600, 127.020899 34.609229, 127.041582 34.601192, 127.061398 34.615060, 127.074280 34.613604, 127.091494 34.624341, 127.111498 34.621632, 127.132619 34.637135))",자망
20260101,31000005,7,"MULTILINESTRING ((126.922570 34.609407, 126.913706 34.628952, 126.902029 34.631408, 126.890954 34.654033, 126.876017 34.657188, 126.865710 34.672512, 126.835308 34.674132, 126.823848 34.683638, 126.808697 34.679697, 126.795156 34.687093, 126.779385 34.684358, 126.766952 34.691982, 126.738856 34.686108, 126.723255 34.695235))",자망
20260101,31000005,8,"MULTILINESTRING ((126.936054 34.609941, 126.925120 34.602753, 126.923201 34.591092, 126.909977 34.586345, 126.906570 34.564405, 126.890552 34.551544, 126.892862 34.541101, 126.882978 34.528327, 126.889319 34.509804, 126.882382 34.498509))",자망
20260101,31000005,9,"MULTILINESTRING ((126.917409 34.572749, 126.894097 34.575367, 126.880893 34.564885, 126.866845 34.564550, 126.855231 34.547618, 126.836958 34.540806, 126.833511 34.520850, 126.808258 34.506971, 126.806418 34.491812))",자망
20260101,31000005,10,"MULTILINESTRING ((126.969121 34.608141, 126.960327 34.593835, 126.969033 34.583483, 126.967175 34.567352, 126.985048 34.555311, 126.986415 34.541286, 127.010052 34.525724, 127.014100 34.505257, 127.042787 34.496478, 127.053915 34.473364))",자망
20260101,31000005,11,"MULTILINESTRING ((126.946733 34.618694, 126.970355 34.628873, 126.978956 34.645360, 126.989916 34.649659, 126.993616 34.664610, 127.009961 34.673181, 127.010321 34.687458, 127.031099 34.702028, 127.035093 34.720326, 127.059270 34.736322, 127.060201 34.749239))",자망
20260101,31000005,12,"MULTILINESTRING ((126.934963 34.618501, 126.957444 34.636498, 126.957421 34.653283, 126.975257 34.661187, 126.983298 34.682980, 126.999487 34.688745, 127.005462 34.712302, 127.024533 34.721803, 127.031483 34.742095, 127.054512 34.750553, 127.060574 34.769843, 127.078710 34.778793))",자망
20260101,31000005,13,"MULTILINESTRING ((126.949188 34.591036, 126.967176 34.611484, 126.958909 34.633460, 126.963114 34.644120, 126.945402 34.663211, 126.948856 34.679820, 126.939953 34.687321, 126.942457 34.713234, 126.931309 34.718471, 126.928116 34.733024))",자망
20260101,31000005,14,"MULTILINESTRING ((126.976711 34.594197, 126.991777 34.580381, 127.014965 34.580572, 127.029212 34.568117, 127.059811 34.572604, 127.073339 34.565964, 127.101885 34.575906, 127.129942 34.569587, 127.151089 34.585138, 127.179684 34.585417))",자망
20260101,31000005,15,"MULTILINESTRING ((126.947437 34.593619, 126.961612 34.570784, 126.983074 34.569443, 126.995157 34.556710, 127.014550 34.553759, 127.023409 34.545321, 127.044142 34.546618, 127.061053 34.532521, 127.076146 34.533198, 127.094732 34.512548, 127.116878 34.513050, 127.140458 34.496181, 127.152843 34.499376, 127.164367 34.493974))",자망
20260101,31000005,16,"MULTILINESTRING ((126.934506 34.598492, 126.911338 34.592779, 126.895647 34.571058, 126.882782 34.566936, 126.881199 34.549993, 126.867517 34.538594, 126.869746 34.520029, 126.858479 34.508125, 126.864866 34.488001, 126.857512 34.475822))",자망
20260101,31000005,17,"MULTILINESTRING ((126.972794 34.615813, 126.991717 34.606171, 127.011178 34.611788, 127.026860 34.599563, 127.046537 34.603765, 127.067218 34.594240, 127.088374 34.604532, 127.118839 34.598469, 127.139206 34.616235, 127.152409 34.615747, 127.167700 34.631803, 127.188117 34.632923, 127.204801 34.652329, 127.223429 34.654868))",자망
20260101,31000006,6,"MULTILINESTRING ((127.634008 34.868272, 127.614489 34.862627, 127.605226 34.855505, 127.600323 34.847062, 127.604431 34.831833, 127.616350 34.815577, 127.626097 34.811254, 127.637797 34.810378, 127.648991 34.817073, 127.656526 34.834851, 127.651553 34.850965, 127.641776 34.860165, 127.631243 34.864244, 127.617237 34.862777))",통발
20260101,31000006,7,"MULTILINESTRING ((127.653516 34.827269, 127.668688 34.815515, 127.684798 34.813716, 127.697042 34.817478, 127.703153 34.826038, 127.703174 34.838678, 127.696237 34.854879, 127.684218 34.860053, 127.668140 34.859078, 127.656755 34.850996, 127.647091 34.835603, 127.647137 34.821629, 127.658435 34.805476, 127.673660 34.796431))",통발
20260101,31000006,8,"MULTILINESTRING ((127.637717 34.843922, 127.625426 34.834317, 127.621752 34.819767, 127.631293 34.803293, 127.643229 34.799423, 127.664926 34.803949, 127.682258 34.816077, 127.687010 34.827066, 127.683899 34.837846, 127.664984 34.849693, 127.647747 34.853759))",통발
20260101,31000006,9,"MULTILINESTRING ((127.655087 34.875420, 127.641714 34.889954, 127.630538 34.894236, 127.609070 34.890847, 127.591551 34.878102, 127.586057 34.862501, 127.588051 34.851963, 127.602510 34.836046, 127.617444 34.831376, 127.630704 34.831673, 127.648744 34.840860, 127.658735 34.857133, 127.659142 34.864880))",통발
20260101,31000006,10,"MULTILINESTRING ((127.659598 34.834040, 127.649062 34.843314, 127.635365 34.848502, 127.623257 34.846365, 127.610630 34.837342, 127.602339 34.823091, 127.603111 34.803016, 127.612242 34.792663, 127.624501 34.788758, 127.645397 34.790015, 127.657667 34.799149, 127.662723 34.808285, 127.659181 34.819253, 127.642000 34.832185))",통발
20260101,31000006,11,"MULTILINESTRING ((127.636885 34.861530, 127.622503 34.866398, 127.602347 34.858405, 127.597260 34.851413, 127.598595 34.835697, 127.606683 34.827746, 127.628084 34.822200, 127.640957 34.822303))",통발
20260101,31000006,12,"MULTILINESTRING ((127.652717 34.857162, 127.660186 34.838623, 127.670504 34.828421, 127.687053 34.823810, 127.708964 34.825173, 127.719336 34.828617, 127.731432 34.838538, 127.735924 34.853121, 127.729900 34.870028, 127.720599 34.877683, 127.701132 34.880644))",통발
20260101,31000006,13,"MULTILINESTRING ((127.658969 34.813206, 127.681970 34.806319, 127.701063 34.807738, 127.717788 34.822459, 127.721983 34.834886, 127.718187 34.845726, 127.707675 34.854803, 127.686725 34.862493, 127.665836 34.859472, 127.650025 34.851286))",통발
20260101,31000006,14,"MULTILINESTRING ((127.650833 34.853413, 127.642614 34.858413, 127.619953 34.858859, 127.606770 34.852215, 127.602975 34.844477, 127.603204 34.825859, 127.609366 34.816748, 127.628363 34.808769, 127.640648 34.812051, 127.655905 34.827356, 127.659428 34.842796, 127.657115 34.857068, 127.644640 34.865660, 127.632254 34.866909))",통발
20260101,31000006,15,"MULTILINESTRING ((127.636621 34.844367, 127.613538 34.842128, 127.601662 34.835327, 127.597319 34.825590, 127.600677 34.816799, 127.618088 34.802566, 127.629416 34.801439, 127.646678 34.806380))",통발
20260101,31000006,16,"MULTILINESTRING ((127.647616 34.834129, 127.652323 34.822704, 127.660398 34.815434, 127.672904 34.811529, 127.685920 34.813118, 127.696506 34.821189, 127.701099 34.839291, 127.695120 34.855921, 127.686112 34.863278, 127.663873 34.869133))",통발
20260101,31000006,17,"MULTILINESTRING ((127.625770 34.851614, 127.606859 34.850539, 127.590628 34.840906, 127.581591 34.826390, 127.581135 34.813065, 127.586339 34.805381, 127.601020 34.799865, 127.612998 34.804045, 127.623742 34.815649, 127.625284 34.829245, 127.614188 34.841796, 127.598361 34.846735, 127.580137 34.843583, 127.573651 34.836821))",통발
20260101,31000007,6,"MULTILINESTRING ((129.149786 35.109013, 129.123744 35.110856, 129.100447 35.110178, 129.066041 35.109203, 129.021663 35.109257, 128.982713 35.110550, 128.931569 35.112993, 128.890969 35.116711, 128.849691 35.118685, 128.804706 35.122657, 128.757466 35.136241))",연안복합
20260101,31000007,7,"MULTILINESTRING ((129.210534 35.129762, 129.222265 35.108571, 129.239242 35.079491, 129.265736 35.042083, 129.288445 35.013911, 129.304961 34.974477, 129.322203 34.947142, 129.333136 34.924140, 129.357172 34.885796, 129.375213 34.847598, 129.388051 34.826294, 129.400225 34.796657, 129.414341 34.768826, 129.428035 34.743705))",연안복합
20260101,31000007,8,"MULTILINESTRING ((129.251987 35.167522, 129.272308 35.182923, 129.300429 35.204401, 129.323762 35.220637, 129.357637 35.240747, 129.376177 35.250940, 129.407584 35.270419, 129.446617 35.293618, 129.478027 35.314201, 129.503421 35.333705))",연안복합
20260101,31000007,9,"MULTILINESTRING ((129.241903 35.152405, 129.274135 35.135451, 129.297135 35.124088, 129.333261 35.103400, 129.370888 35.074483, 129.387796 35.054135, 129.411082 35.036145, 129.423657 35.021697, 129.454625 34.996560, 129.479506 34.976844))",연안복합
20260101,31000007,10,"MULTILINESTRING ((129.214155 35.116652, 129.227955 35.085864, 129.229951 35.068291, 129.230757 35.039516, 129.232762 35.018309, 129.230138 34.976872, 129.234030 34.935396, 129.237120 34.893999, 129.235518 34.877225, 129.232371 34.834608, 129.231943 34.791900, 129.233142 34.773316))",연안복합
20260101,31000007,11,"MULTILINESTRING ((129.125067 35.148602, 129.088477 35.127740, 129.049166 35.111096, 129.014487 35.103941, 128.984892 35.098004, 128.941174 35.091846, 128.916211 35.086095, 128.880822 35.084118, 128.836463 35.085405, 128.788881 35.093195, 128.741586 35.101097, 128.702612 35.110360, 128.676610 35.120262))",연안복합
20260101,31000007,12,"MULTILINESTRING ((129.209632 35.128811, 129.243191 35.139162, 129.270807 35.147854, 129.318341 35.153897, 129.365575 35.160928, 129.415087 35.172965, 129.438326 35.177911, 129.473315 35.185961, 129.497814 35.190901, 129.519312 35.193624, 129.543710 35.197301))",연안복합
20260101,31000007,13,"MULTILINESTRING ((129.172410 35.160203, 129.141379 35.152238, 129.119455 35.144730, 129.093575 35.135211, 129.064159 35.122647, 129.034273 35.111903, 128.997406 35.099723, 128.962480 35.089323, 128.929533 35.082239))",연안복합
20260101,31000007,14,"MULTILINESTRING ((129.223526 35.165252, 129.267619 35.176512, 129.316348 35.188476, 129.334667 35.197810, 129.368650 35.212182, 129.396008 35.224621, 129.412608 35.234771, 129.454566 35.253906, 129.484652 35.270153, 129.509736 35.291138, 129.545744 35.321178, 129.571042 35.343099, 129.596422 35.361860))",연안복합
20260101,31000007,15,"MULTILINESTRING ((129.243485 35.145250, 129.276625 35.136095, 129.323443 35.125993, 129.360116 35.118865, 129.386367 35.117223, 129.407564 35.117271, 129.434340 35.117632, 129.460477 35.116796, 129.488984 35.113074, 129.520634 35.111841, 129.555612 35.117119, 129.603920 35.117787, 129.631025 35.119925, 129.662323 35.122712))",연안복합
20260101,31000007,16,"MULTILINESTRING ((129.212837 35.169901, 129.216357 35.202652, 129.223329 35.237962, 129.233641 35.262265, 129.244717 35.291412, 129.253370 35.311511, 129.257929 35.327977, 129.262504 35.351324, 129.267225 35.370361, 129.279624 35.392012, 129.290729 35.411744))",연안복합
20260101,31000007,17,"MULTILINESTRING ((129.189428 35.167850, 129.176648 35.187162, 129.150587 35.224806, 129.129525 35.249521, 129.113476 35.270803, 129.087480 35.301291, 129.055997 35.332828, 129.023861 35.359228))",연안복합
20260101,31000008,6,"MULTILINESTRING ((128.759459 34.937852, 128.781172 34.952119, 128.778686 34.976898, 128.797227 34.992593, 128.796820 35.005350, 128.812224 35.018819, 128.807669 35.037519, 128.819823 35.052601))",채낚기연승낚시
20260101,31000008,7,"MULTILINESTRING ((128.726376 34.910240, 128.719040 34.929361, 128.701844 34.936117, 128.696557 34.949147, 128.670927 34.951873, 128.651013 34.971893, 128.616296 34.971238, 128.592506 34.991914, 128.575957 34.991842, 128.563634 35.001627, 128.537713 34.998155, 128.510708 35.014880, 128.488337 35.004316, 128.474502 35.008439))",채낚기연승낚시
20260101,31000008,8,"MULTILINESTRING ((128.720064 34.895124, 128.686213 34.892733, 128.676885 34.880596, 128.651346 34.875434, 128.643170 34.857692, 128.628470 34.853191, 128.624093 34.833838, 128.611872 34.826247))",채낚기연승낚시
20260101,31000008,9,"MULTILINESTRING ((128.810708 34.882829, 128.831476 34.875641, 128.862244 34.885695, 128.888669 34.876125, 128.900935 34.882088, 128.920838 34.876996, 128.933419 34.884382, 128.962099 34.877639))",채낚기연승낚시
20260101,31000008,10,"MULTILINESTRING ((128.730495 34.896092, 128.714987 34.908313, 128.693311 34.905840, 128.680627 34.917619, 128.658724 34.916647, 128.641711 34.931819, 128.620008 34.930839, 128.593179 34.948791, 128.560356 34.943727, 128.547974 34.950235, 128.520389 34.943577, 128.498904 34.951350, 128.478587 34.938367))",채낚기연승낚시
20260101,31000008,11,"MULTILINESTRING ((128.729589 34.879574, 128.702857 34.877538, 128.685657 34.855505, 128.671512 34.854443, 128.661803 34.841861, 128.636636 34.832515, 128.633199 34.818409, 128.607173 34.808227, 128.602336 34.796180, 128.575171 34.785447))",채낚기연승낚시
20260101,31000008,12,"MULTILINESTRING ((128.746092 34.880896, 128.742520 34.869557, 128.749262 34.859160, 128.740107 34.836228, 128.753951 34.814390, 128.747937 34.795268, 128.761928 34.782952, 128.761560 34.764194, 128.789248 34.749341))",채낚기연승낚시
20260101,31000008,13,"MULTILINESTRING ((128.693460 34.885535, 128.678901 34.893108, 128.655783 34.886962, 128.643610 34.892840, 128.622091 34.888167, 128.604827 34.895012, 128.587014 34.892904, 128.563811 34.902525, 128.538369 34.897562, 128.511719 34.911422, 128.490385 34.904786, 128.460493 34.915183, 128.441152 34.901087, 128.424458 34.904313))",채낚기연승낚시
20260101,31000008,14,"MULTILINESTRING ((128.790946 34.900096, 128.790222 34.887509, 128.800951 34.879333, 128.799712 34.864142, 128.815874 34.850996, 128.814437 34.831231, 128.840607 34.812043, 128.842751 34.786150, 128.862777 34.775493, 128.868372 34.752983, 128.885763 34.746382, 128.893678 34.730030, 128.915998 34.723965, 128.926953 34.710140))",채낚기연승낚시
20260101,31000008,15,"MULTILINESTRING ((128.748862 34.886061, 128.768037 34.903507, 128.766621 34.918738, 128.775362 34.927286, 128.770767 34.951717, 128.775979 34.962725, 128.767084 34.972624, 128.767605 34.997230, 128.759040 35.005956, 128.760506 35.034773))",채낚기연승낚시
20260101,31000008,16,"MULTILINESTRING ((128.739483 34.865202, 128.710672 34.852022, 128.705456 34.837176, 128.688019 34.829262, 128.686505 34.801515, 128.664439 34.779461, 128.668871 34.759110, 128.663182 34.747053, 128.678122 34.730639, 128.669889 34.703709, 128.679053 34.691246))",채낚기연승낚시
20260101,31000008,17,"MULTILINESTRING ((128.763194 34.924255, 128.781396 34.907592, 128.812947 34.908910, 128.833545 34.895527, 128.861804 34.899703, 128.882207 34.886084, 128.904290 34.891365, 128.934914 34.876957))",채낚기연승낚시
20260101,31000009,6,"MULTILINESTRING ((127.950297 35.268485, 127.926875 35.271402, 127.909476 35.256554, 127.884762 35.254415, 127.870219 35.238297, 127.846525 35.234507, 127.836021 35.223035, 127.806718 35.220798, 127.798509 35.211623, 127.782719 35.207672, 127.768602 35.187422, 127.746545 35.180039))",자망
20260101,31000009,7,"MULTILINESTRING ((127.962749 35.306688, 127.972038 35.299114, 127.987875 35.300740, 128.015480 35.289460, 128.030712 35.295224, 128.047084 35.287608, 128.066051 35.292061, 128.090059 35.280204, 128.109503 35.284384, 128.137016 35.273730, 128.157125 35.281948))",자망
20260101,31000009,8,"MULTILINESTRING ((127.918539 35.295295, 127.890195 35.292259, 127.882817 35.283338, 127.852909 35.277594, 127.841407 35.259590, 127.822487 35.253246, 127.816185 35.242998, 127.787929 35.238812, 127.779863 35.226946, 127.763784 35.224369, 127.752189 35.207869, 127.728871 35.201642, 127.722973 35.190276))",자망
20260101,31000009,9,"MULTILINESTRING ((127.979006 35.305384, 127.994055 35.288243, 128.025106 35.286286, 128.040839 35.267739, 128.053181 35.267045, 128.067315 35.253079, 128.086075 35.254687, 128.110153 35.238273, 128.128448 35.240290, 128.145327 35.227652, 128.168446 35.235175, 128.182703 35.226501, 128.194405 35.230352))",자망
20260101,31000009,10,"MULTILINESTRING ((127.958041 35.293416, 127.944352 35.277210, 127.947751 35.267013, 127.938815 35.247843, 127.946008 35.239559, 127.939538 35.218135, 127.956015 35.205107, 127.951644 35.184224, 127.963110 35.176921, 127.965162 35.166737, 127.975695 35.159664, 127.977533 35.149815, 127.993439 35.141723, 127.996792 35.124736))",자망
20260101,31000009,11,"MULTILINESTRING ((127.972410 35.306166, 127.996017 35.290715, 128.016182 35.291734, 128.040381 35.275923, 128.064861 35.281362, 128.089179 35.271637, 128.103008 35.276354, 128.119408 35.273609))",자망
20260101,31000009,12,"MULTILINESTRING ((127.982296 35.265180, 127.988539 35.248014, 128.016451 35.241008, 128.033931 35.221079, 128.065047 35.219946, 128.088909 35.204300, 128.109230 35.206463, 128.124547 35.197404, 128.140586 35.201754, 128.160677 35.194509))",자망
20260101,31000009,13,"MULTILINESTRING ((127.940329 35.284727, 127.912953 35.278378, 127.900482 35.259430, 127.877799 35.254324, 127.871566 35.240624, 127.847323 35.231703, 127.841888 35.211519, 127.813542 35.199727, 127.809240 35.176911, 127.790318 35.169304, 127.788529 35.153080, 127.775990 35.147618, 127.769274 35.124749, 127.752059 35.116568))",자망
20260101,31000009,14,"MULTILINESTRING ((127.989996 35.292654, 128.009463 35.280755, 128.029115 35.283955, 128.045801 35.270242, 128.067164 35.272177, 128.086555 35.256929, 128.114502 35.258412, 128.127179 35.251610, 128.144349 35.255391, 128.159870 35.250013, 128.175581 35.255698))",자망
20260101,31000009,15,"MULTILINESTRING ((127.920016 35.281216, 127.908967 35.286434, 127.881383 35.278110, 127.861511 35.287065, 127.835348 35.278367, 127.816640 35.286887, 127.801111 35.281891, 127.778992 35.291197, 127.765569 35.282634, 127.737905 35.290278, 127.718401 35.281768, 127.706859 35.285397, 127.686662 35.277690))",자망
20260101,31000009,16,"MULTILINESTRING ((127.950122 35.306831, 127.960488 35.320734, 127.956582 35.330153, 127.968474 35.346364, 127.959999 35.358890, 127.963852 35.371340, 127.947200 35.387814, 127.948036 35.399202, 127.935939 35.407261, 127.934715 35.422970, 127.922043 35.431259, 127.919656 35.449105))",자망
20260101,31000009,17,"MULTILINESTRING ((127.954259 35.310108, 127.948770 35.287732, 127.968164 35.273609, 127.970232 35.255280, 127.996277 35.242543, 128.002006 35.228276, 128.031742 35.221544, 128.044452 35.203474, 128.076026 35.200645, 128.093867 35.183047))",자망
20260101,31000010,6,"MULTILINESTRING ((129.032893 36.265816, 129.021428 36.264090, 129.013963 36.257396, 129.011497 36.245432, 129.015777 36.229382, 129.027397 36.218327, 129.041683 36.213345, 129.051835 36.216115, 129.069956 36.229988))",통발
20260101,31000010,7,"MULTILINESTRING ((129.070639 36.227369, 129.077147 36.207783, 129.085695 36.202862, 129.097096 36.202817, 129.110792 36.207071, 129.117146 36.215676, 129.117498 36.223937, 129.111835 36.230751, 129.095540 36.237420, 129.076751 36.236024, 129.055975 36.226382, 129.046928 36.211855, 129.051108 36.192401))",통발
20260101,31000010,8,"MULTILINESTRING ((129.019685 36.258256, 129.005563 36.265292, 128.983159 36.263962, 128.967933 36.254010, 128.963133 36.243598, 128.967665 36.236174, 128.981036 36.228641, 128.994242 36.226913))",통발
20260101,31000010,9,"MULTILINESTRING ((129.030158 36.272933, 129.016876 36.279364, 128.994612 36.280236, 128.977568 36.269804, 128.968922 36.255372, 128.973351 36.238626, 128.983706 36.228767, 128.997365 36.224822, 129.013229 36.226651, 129.024472 36.235784, 129.032279 36.254162))",통발
20260101,31000010,10,"MULTILINESTRING ((129.062731 36.281253, 129.070560 36.292338, 129.070760 36.300049, 129.065716 36.307943, 129.052591 36.313279, 129.039748 36.311534, 129.021936 36.298244, 129.017689 36.289598, 129.021690 36.269795, 129.036688 36.260275, 129.047523 36.261439, 129.056574 36.268666, 129.061946 36.280916, 129.057170 36.299965))",통발
20260101,31000010,11,"MULTILINESTRING ((129.029413 36.272409, 129.007165 36.265208, 128.993835 36.252589, 128.990068 36.238492, 128.996812 36.226192, 129.007684 36.219931, 129.017744 36.220475, 129.039386 36.230816, 129.045086 36.239390, 129.044836 36.247844, 129.036456 36.262697))",통발
20260101,31000010,12,"MULTILINESTRING ((129.031486 36.282138, 129.035045 36.266294, 129.042599 36.256243, 129.053758 36.250304, 129.078716 36.249868, 129.099271 36.256800, 129.108360 36.265365, 129.110216 36.277058, 129.098504 36.294424, 129.088147 36.299236))",통발
20260101,31000010,13,"MULTILINESTRING ((129.072471 36.251797, 129.080693 36.255997, 129.093019 36.273259, 129.094775 36.288354, 129.086695 36.301356, 129.074261 36.306516, 129.061867 36.307178, 129.043933 36.300549, 129.030591 36.284371, 129.029818 36.266356, 129.040955 36.252339, 129.063383 36.247485))",통발
20260101,31000010,14,"MULTILINESTRING ((129.014220 36.244775, 129.022445 36.231751, 129.038934 36.224007, 129.061297 36.223254, 129.076270 36.231485, 129.082785 36.244092, 129.081200 36.254360, 129.073559 36.260832, 129.054950 36.263166, 129.033905 36.261090, 129.019038 36.248399, 129.015899 36.239663, 129.024078 36.223820))",통발
20260101,31000010,15,"MULTILINESTRING ((129.055433 36.240095, 129.079472 36.236920, 129.093580 36.240078, 129.108443 36.252207, 129.116348 36.265665, 129.114466 36.275023, 129.099150 36.288842, 129.085023 36.293907))",통발
20260101,31000010,16,"MULTILINESTRING ((129.043532 36.252965, 129.034209 36.254898, 129.016276 36.248765, 129.002284 36.233050, 129.001279 36.219738, 129.009097 36.205256, 129.019611 36.198520, 129.030583 36.197362, 129.050626 36.204208, 129.062437 36.214386))",통발
20260101,31000010,17,"MULTILINESTRING ((129.064753 36.267436, 129.053724 36.273530, 129.038354 36.274234, 129.023952 36.268701, 129.010480 36.255730, 129.009842 36.247841, 129.022608 36.233103, 129.045201 36.229134, 129.059316 36.232769))",통발
20260101,31000011,6,"MULTILINESTRING ((126.715919 35.150010, 126.713365 35.186997, 126.708672 35.208703, 126.704884 35.239813, 126.697806 35.279515, 126.693903 35.318843, 126.696260 35.347848, 126.696674 35.366601, 126.697779 35.390041, 126.703147 35.432051, 126.716866 35.472954, 126.726493 35.505838, 126.731640 35.530940))",연안복합
20260101,31000011,7,"MULTILINESTRING ((126.781967 35.107813, 126.819173 35.092164, 126.858077 35.081483, 126.896588 35.067010, 126.923373 35.057575, 126.952626 35.048884, 126.986740 35.042005, 127.013061 35.039363, 127.036819 35.034801))",연안복합
20260101,31000011,8,"MULTILINESTRING ((126.759710 35.071521, 126.798049 35.051824, 126.819315 35.047119, 126.850445 35.039269, 126.875380 35.033663, 126.897626 35.033321, 126.938718 35.036164, 126.982102 35.032448))",연안복합
20260101,31000011,9,"MULTILINESTRING ((126.800208 35.081919, 126.826436 35.080282, 126.848426 35.076463, 126.896959 35.065391, 126.948640 35.057557, 126.972449 35.051704, 127.011807 35.045992, 127.034377 35.041171, 127.055688 35.034815, 127.102286 35.014688))",연안복합
20260101,31000011,10,"MULTILINESTRING ((126.716119 35.095466, 126.708422 35.080087, 126.689319 35.041321, 126.676255 35.013538, 126.666368 34.997398, 126.652528 34.963094, 126.646967 34.943241, 126.643372 34.921676, 126.637483 34.890606, 126.625077 34.858172, 126.614408 34.827929))",연안복합
20260101,31000011,11,"MULTILINESTRING ((126.804127 35.086237, 126.840204 35.069303, 126.870872 35.057468, 126.891030 35.049813, 126.911504 35.040709, 126.952223 35.028703, 126.990278 35.019703, 127.033031 35.008723, 127.051988 35.002177, 127.080947 34.993022, 127.125410 34.980803, 127.166042 34.969126, 127.210585 34.957489, 127.234853 34.948661))",연안복합
20260101,31000011,12,"MULTILINESTRING ((126.766338 35.102841, 126.786744 35.113997, 126.810203 35.128728, 126.833039 35.145640, 126.860688 35.167861, 126.883656 35.183752, 126.916334 35.200487, 126.953716 35.223345, 126.982292 35.240985))",연안복합
20260101,31000011,13,"MULTILINESTRING ((126.719188 35.130081, 126.717115 35.149245, 126.717006 35.181008, 126.715056 35.199582, 126.715780 35.218010, 126.718132 35.243583, 126.724562 35.264532, 126.736609 35.305561, 126.749425 35.346662, 126.765780 35.377745, 126.777917 35.411850))",연안복합
20260101,31000011,14,"MULTILINESTRING ((126.720641 35.147424, 126.704769 35.167543, 126.687801 35.184166, 126.661409 35.209756, 126.645031 35.223152, 126.619941 35.239188, 126.593155 35.262725, 126.562272 35.278319, 126.520317 35.292103, 126.490187 35.308285))",연안복합
20260101,31000011,15,"MULTILINESTRING ((126.731812 35.130698, 126.725986 35.147826, 126.723950 35.164934, 126.717758 35.182658, 126.698668 35.221433, 126.681088 35.251310, 126.669670 35.266971, 126.660515 35.284709, 126.651601 35.308525, 126.640478 35.335245, 126.623664 35.370829))",연안복합
20260101,31000011,16,"MULTILINESTRING ((126.745642 35.094693, 126.765167 35.076884, 126.784820 35.060370, 126.811000 35.045670, 126.850474 35.021519, 126.877192 35.000183, 126.916713 34.979001, 126.937007 34.969214, 126.973338 34.951503, 127.005184 34.932276, 127.031015 34.915360, 127.049028 34.902424, 127.069334 34.883270, 127.083541 34.859893))",연안복합
20260101,31000011,17,"MULTILINESTRING ((126.728773 35.104378, 126.706206 35.077876, 126.684909 35.059957, 126.653425 35.035923, 126.634999 35.022571, 126.595986 34.997514, 126.555967 34.975319, 126.526590 34.957088, 126.509644 34.947683, 126.481931 34.930007))",연안복합
20260101,31000012,6,"MULTILINESTRING ((128.580261 35.771154, 128.603545 35.762258, 128.624921 35.769783, 128.640180 35.764429, 128.669191 35.780556, 128.698485 35.775353, 128.709109 35.784192, 128.737640 35.780394))",채낚기연승낚시
20260101,31000012,7,"MULTILINESTRING ((128.585952 35.758629, 128.605443 35.738468, 128.624567 35.737976, 128.635162 35.728476, 128.651678 35.728812, 128.661926 35.720194, 128.680422 35.722399, 128.701634 35.704052, 128.733617 35.708227, 128.751496 35.699076, 128.772864 35.704718, 128.795413 35.695466, 128.826534 35.704418, 128.855564 35.693960))",채낚기연승낚시
20260101,31000012,8,"MULTILINESTRING ((128.515845 35.756003, 128.513554 35.772702, 128.490940 35.784348, 128.486953 35.798361, 128.466975 35.805124, 128.459205 35.820978, 128.429881 35.827357, 128.415104 35.850194, 128.390561 35.857127, 128.384519 35.867678, 128.354034 35.872011, 128.337898 35.895910, 128.307063 35.899623, 128.284498 35.916987))",채낚기연승낚시
20260101,31000012,9,"MULTILINESTRING ((128.569556 35.741908, 128.569703 35.725322, 128.585311 35.711291, 128.580943 35.690651, 128.599263 35.675906, 128.598113 35.650042, 128.622977 35.630979, 128.625235 35.612109, 128.653866 35.600324, 128.658987 35.577095, 128.676172 35.572365, 128.690014 35.548478, 128.704882 35.542892, 128.713632 35.520070))",채낚기연승낚시
20260101,31000012,10,"MULTILINESTRING ((128.538965 35.746616, 128.511063 35.754344, 128.489196 35.745256, 128.461721 35.751891, 128.434280 35.734488, 128.398880 35.736140, 128.380063 35.713223, 128.353511 35.708996, 128.342969 35.690060, 128.319457 35.682954))",채낚기연승낚시
20260101,31000012,11,"MULTILINESTRING ((128.556014 35.776773, 128.541386 35.783743, 128.518364 35.777413, 128.506330 35.783096, 128.489518 35.780120, 128.460669 35.789770, 128.439495 35.776574, 128.419350 35.778566, 128.400701 35.764302, 128.382159 35.764812, 128.364346 35.751756, 128.328669 35.752226, 128.311686 35.729785))",채낚기연승낚시
20260101,31000012,12,"MULTILINESTRING ((128.557979 35.741085, 128.524570 35.735604, 128.508779 35.719917, 128.484548 35.715939, 128.475766 35.703521, 128.446098 35.694806, 128.440422 35.675661, 128.423725 35.666226, 128.422826 35.652718))",채낚기연승낚시
20260101,31000012,13,"MULTILINESTRING ((128.500662 35.740593, 128.484319 35.761090, 128.453780 35.760805, 128.437024 35.772949, 128.404708 35.764747, 128.386572 35.775161, 128.358780 35.764299, 128.328852 35.771978, 128.301113 35.759972, 128.288016 35.765098))",채낚기연승낚시
20260101,31000012,14,"MULTILINESTRING ((128.543871 35.763976, 128.530791 35.789714, 128.514685 35.793409, 128.508747 35.807172, 128.481064 35.811197, 128.468956 35.830963, 128.442666 35.835751, 128.431682 35.850908, 128.411104 35.852656))",채낚기연승낚시
20260101,31000012,15,"MULTILINESTRING ((128.500554 35.774481, 128.490987 35.794093, 128.463855 35.801126, 128.456368 35.814200, 128.421479 35.816338, 128.408249 35.831388, 128.393427 35.832908, 128.380921 35.843826, 128.355853 35.840331, 128.344524 35.847325, 128.327854 35.843038))",채낚기연승낚시
20260101,31000012,16,"MULTILINESTRING ((128.530053 35.742805, 128.513175 35.748364, 128.497909 35.740534, 128.482723 35.742571, 128.466393 35.729655, 128.451580 35.730040, 128.425344 35.712881, 128.396886 35.715274, 128.378874 35.703852))",채낚기연승낚시
20260101,31000012,17,"MULTILINESTRING ((128.559617 35.748101, 128.544560 35.758937, 128.513605 35.756554, 128.497914 35.767508, 128.479519 35.761724, 128.452813 35.772676, 128.431532 35.765592, 128.416849 35.773538, 128.397322 35.766678, 128.373856 35.777843))",채낚기연승낚시
20260101,31000013,6,"MULTILINESTRING ((129.351392 35.834171, 129.363766 35.844985, 129.362572 35.855240, 129.380998 35.867307, 129.379283 35.878104, 129.390493 35.890375, 129.384375 35.906649, 129.400896 35.926518, 129.391390 35.951325))",자망
20260101,31000013,7,"MULTILINESTRING ((129.378796 35.784047, 129.394353 35.771782, 129.416685 35.773896, 129.430993 35.761630, 129.458469 35.766632, 129.471447 35.757509, 129.497077 35.765162, 129.523495 35.753111, 129.546574 35.757696, 129.572720 35.743205, 129.598145 35.749723, 129.616888 35.742028))",자망
20260101,31000013,8,"MULTILINESTRING ((129.350170 35.789631, 129.322363 35.781152, 129.318026 35.768487, 129.298701 35.759273, 129.290722 35.738173, 129.272906 35.732680, 129.267762 35.718892, 129.254394 35.712542))",자망
20260101,31000013,9,"MULTILINESTRING ((129.323931 35.790169, 129.343815 35.798607, 129.350160 35.818580, 129.376859 35.831332, 129.383082 35.851641, 129.408854 35.860622, 129.408910 35.881934, 129.427171 35.898457, 129.427508 35.909731, 129.447307 35.928929, 129.444266 35.947165, 129.466201 35.965404, 129.463844 35.980841))",자망
20260101,31000013,10,"MULTILINESTRING ((129.350980 35.804564, 129.375573 35.808905, 129.383736 35.824158, 129.395512 35.827607, 129.402738 35.841373, 129.414123 35.845778, 129.418690 35.866135, 129.444289 35.880191, 129.443859 35.899285, 129.460585 35.912660, 129.457863 35.929395, 129.470289 35.942887))",자망
20260101,31000013,11,"MULTILINESTRING ((129.363480 35.807782, 129.370610 35.799134, 129.393640 35.800499, 129.407046 35.789862, 129.431689 35.790858, 129.450713 35.778199, 129.471970 35.781272, 129.490038 35.772611, 129.501470 35.777632, 129.518134 35.772436))",자망
20260101,31000013,12,"MULTILINESTRING ((129.361209 35.774825, 129.349477 35.764934, 129.351322 35.748232, 129.339044 35.735917, 129.344175 35.716680, 129.330776 35.696495, 129.343339 35.677751, 129.336037 35.661272, 129.350453 35.644023, 129.347520 35.618858, 129.362869 35.604485))",자망
20260101,31000013,13,"MULTILINESTRING ((129.334716 35.765297, 129.320301 35.767150, 129.303686 35.757499, 129.272937 35.761897, 129.256904 35.751457, 129.226463 35.750688, 129.214933 35.736006, 129.183592 35.731212, 129.166490 35.710483, 129.151686 35.708349, 129.139554 35.692979, 129.109734 35.687284))",자망
20260101,31000013,14,"MULTILINESTRING ((129.307507 35.799482, 129.322825 35.816806, 129.317892 35.832261, 129.333702 35.851442, 129.326759 35.869340, 129.334228 35.886486, 129.316208 35.905433, 129.319214 35.921564))",자망
20260101,31000013,15,"MULTILINESTRING ((129.337621 35.780406, 129.309360 35.773504, 129.304357 35.748986, 129.284178 35.739407, 129.280927 35.716233, 129.256650 35.701446, 129.255597 35.682070, 129.245875 35.675174, 129.249888 35.661384, 129.231840 35.647180))",자망
20260101,31000013,16,"MULTILINESTRING ((129.381126 35.831021, 129.393106 35.853168, 129.388965 35.864038, 129.397644 35.876928, 129.384274 35.899942, 129.391821 35.920535, 129.374951 35.934466, 129.379103 35.959481, 129.362911 35.969198, 129.360124 35.980985))",자망
20260101,31000013,17,"MULTILINESTRING ((129.312907 35.796263, 129.302413 35.810863, 129.271343 35.813673, 129.256946 35.827835, 129.243384 35.826069, 129.231819 35.831402, 129.211392 35.824625, 129.198844 35.829576))",자망
20260101,31000014,6,"MULTILINESTRING ((127.227189 34.685451, 127.202660 34.684830, 127.184990 34.671024, 127.182586 34.662535, 127.187498 34.652632, 127.196068 34.647200, 127.210492 34.648850, 127.227458 34.658062, 127.239872 34.673408))",통발
20260101,31000014,7,"MULTILINESTRING ((127.287359 34.702448, 127.279529 34.716453, 127.269404 34.721762, 127.259377 34.721643, 127.243407 34.715232, 127.234673 34.703911, 127.235975 34.687158, 127.241562 34.678122, 127.259938 34.666489))",통발
20260101,31000014,8,"MULTILINESTRING ((127.258118 34.697526, 127.267424 34.688058, 127.284203 34.683338, 127.298236 34.684924, 127.308691 34.693961, 127.309977 34.707193, 127.304849 34.715600, 127.291316 34.723690, 127.278293 34.724606, 127.260108 34.717065, 127.248554 34.704028))",통발
20260101,31000014,9,"MULTILINESTRING ((127.253351 34.683178, 127.268678 34.684558, 127.288921 34.695430, 127.295076 34.703747, 127.296193 34.712898, 127.289976 34.722914, 127.268310 34.730003, 127.253226 34.727481, 127.241402 34.718865, 127.239280 34.710989, 127.245109 34.695850, 127.252861 34.688579))",통발
20260101,31000014,10,"MULTILINESTRING ((127.246369 34.669412, 127.258707 34.659062, 127.268677 34.656397, 127.279431 34.657895, 127.296480 34.669547, 127.302046 34.678955, 127.298628 34.693840, 127.282329 34.703211, 127.268498 34.704249, 127.252801 34.697099))",통발
20260101,31000014,11,"MULTILINESTRING ((127.274573 34.721260, 127.270879 34.735166, 127.253384 34.746210, 127.236501 34.748124, 127.224263 34.743482, 127.209268 34.729547, 127.204909 34.716228, 127.209684 34.698909, 127.220159 34.689775))",통발
20260101,31000014,12,"MULTILINESTRING ((127.209737 34.686558, 127.201425 34.672537, 127.201890 34.658412, 127.207242 34.651784, 127.227595 34.643950, 127.249138 34.644236, 127.264028 34.651739, 127.271180 34.662797))",통발
20260101,31000014,13,"MULTILINESTRING ((127.275685 34.706924, 127.279473 34.717318, 127.275961 34.730218, 127.262334 34.740225, 127.239461 34.743823, 127.224921 34.737796, 127.214862 34.726128, 127.214301 34.707598, 127.223780 34.693912, 127.231015 34.688646, 127.248282 34.685909))",통발
20260101,31000014,14,"MULTILINESTRING ((127.290320 34.689827, 127.300856 34.702569, 127.300101 34.718497, 127.289356 34.732841, 127.271450 34.740332, 127.248092 34.742112, 127.238646 34.737533, 127.233810 34.729932, 127.233279 34.721225))",통발
20260101,31000014,15,"MULTILINESTRING ((127.239223 34.702221, 127.261820 34.705390, 127.270583 34.710767, 127.279339 34.727111, 127.281340 34.742465, 127.269715 34.756725, 127.260114 34.759828, 127.247713 34.758692, 127.235298 34.752008, 127.231719 34.743365, 127.233561 34.733442, 127.239782 34.726530))",통발
20260101,31000014,16,"MULTILINESTRING ((127.243650 34.711838, 127.250428 34.729685, 127.246298 34.739010, 127.235611 34.745504, 127.225919 34.747052, 127.207255 34.738748, 127.200227 34.730750, 127.198187 34.712186, 127.206436 34.697742, 127.224387 34.687205, 127.240997 34.683658))",통발
20260101,31000014,17,"MULTILINESTRING ((127.291287 34.694262, 127.305621 34.696452, 127.315242 34.702657, 127.322256 34.720090, 127.319015 34.727723, 127.302591 34.742137, 127.279066 34.746355, 127.266018 34.742890, 127.251451 34.731764))",통발
20260101,31000015,6,"MULTILINESTRING ((128.913408 35.965788, 128.921578 35.928077, 128.922814 35.905886, 128.926002 35.878580, 128.921291 35.854576, 128.921019 35.837879, 128.913576 35.805314, 128.904260 35.765313, 128.897260 35.724643, 128.885293 35.682400, 128.882855 35.663728))",연안복합
20260101,31000015,7,"MULTILINESTRING ((128.878379 35.972706, 128.839749 35.964157, 128.798412 35.953620, 128.754316 35.951246, 128.723886 35.943061, 128.700342 35.937374, 128.670954 35.927413, 128.632235 35.915782, 128.588807 35.901271, 128.544434 35.887108, 128.506365 35.874737, 128.466066 35.855752, 128.441106 35.837543))",연안복합
20260101,31000015,8,"MULTILINESTRING ((128.961540 36.017033, 129.004178 36.029044, 129.053656 36.039471, 129.101463 36.055561, 129.136303 36.063633, 129.157023 36.071246, 129.176144 36.078733, 129.219111 36.095153))",연안복합
20260101,31000015,9,"MULTILINESTRING ((128.890683 35.950942, 128.882534 35.921134, 128.878376 35.899962, 128.879144 35.865757, 128.877449 35.825183, 128.864357 35.784330, 128.859388 35.754979, 128.859320 35.731925, 128.857347 35.697656, 128.861290 35.661190, 128.860547 35.631862, 128.858007 35.611507))",연안복합
20260101,31000015,10,"MULTILINESTRING ((128.848022 36.007632, 128.803493 36.008696, 128.753188 36.007975, 128.715595 36.004627, 128.687744 36.003178, 128.640559 35.994108, 128.611683 35.986131, 128.568989 35.976206, 128.542402 35.971977, 128.505300 35.966561, 128.473180 35.963284, 128.446785 35.962824, 128.421173 35.962192, 128.374168 35.962225))",연안복합
20260101,31000015,11,"MULTILINESTRING ((128.914155 36.028516, 128.907433 36.054597, 128.902153 36.075069, 128.892383 36.091146, 128.888047 36.111413, 128.879947 36.148268, 128.875382 36.164738, 128.867313 36.194317))",연안복합
20260101,31000015,12,"MULTILINESTRING ((128.916453 36.017956, 128.926212 36.036581, 128.936713 36.051661, 128.955804 36.089485, 128.966113 36.114688, 128.969999 36.146352, 128.967605 36.169150, 128.962924 36.193506, 128.957620 36.218134, 128.948717 36.258625, 128.951187 36.287424))",연안복합
20260101,31000015,13,"MULTILINESTRING ((128.853868 35.977924, 128.811962 35.973966, 128.774563 35.968505, 128.749227 35.967669, 128.727540 35.970053, 128.693979 35.976272, 128.663796 35.982995, 128.637585 35.983717, 128.611671 35.983577, 128.558296 35.986385, 128.507753 35.984283, 128.465762 35.983269))",연안복합
20260101,31000015,14,"MULTILINESTRING ((128.867602 35.960096, 128.832454 35.955023, 128.786308 35.948972, 128.737095 35.948906, 128.690873 35.947440, 128.660902 35.948506, 128.623165 35.951248, 128.569565 35.951952))",연안복합
20260101,31000015,15,"MULTILINESTRING ((128.904773 36.028218, 128.886488 36.062467, 128.872115 36.088803, 128.861747 36.116494, 128.852172 36.142605, 128.846716 36.163718, 128.840648 36.188415, 128.835692 36.218575, 128.832628 36.238215, 128.823711 36.261749, 128.812238 36.284501, 128.801963 36.306089))",연안복합
20260101,31000015,16,"MULTILINESTRING ((128.945718 35.982025, 128.970068 35.953223, 128.987948 35.925391, 129.002786 35.903397, 129.019519 35.877195, 129.030121 35.860325, 129.055181 35.826011, 129.072360 35.803602, 129.085402 35.789913, 129.110626 35.768214, 129.128245 35.749035, 129.138941 35.727400, 129.146567 35.704045, 129.152137 35.669391))",연안복합
20260101,31000015,17,"MULTILINESTRING ((128.904427 36.058138, 128.909703 36.074761, 128.919301 36.117293, 128.926765 36.140425, 128.934980 36.160171, 128.947531 36.195637, 128.953276 36.226745, 128.954182 36.251427, 128.954987 36.272311, 128.942411 36.310399, 128.928415 36.347395, 128.910403 36.373321, 128.892432 36.404974))",연안복합
20260101,31000016,6,"MULTILINESTRING ((127.864075 34.523990, 127.855312 34.502587, 127.865455 34.489846, 127.863991 34.465740, 127.877975 34.456453, 127.884035 34.438306, 127.902323 34.430537, 127.910987 34.409502, 127.943213 34.398538, 127.954448 34.376837, 127.983739 34.366159, 127.987217 34.353567, 128.015182 34.340447))",채낚기연승낚시
20260101,31000016,7,"MULTILINESTRING ((127.846933 34.523823, 127.821631 34.525151, 127.803868 34.511199, 127.770071 34.509611, 127.750635 34.487635, 127.723702 34.488364, 127.711663 34.474614, 127.692834 34.471830, 127.682045 34.454984, 127.663049 34.452355, 127.656281 34.441783, 127.630453 34.432058, 127.626606 34.417422, 127.614345 34.413056))",채낚기연승낚시
20260101,31000016,8,"MULTILINESTRING ((127.866195 34.548260, 127.889370 34.551411, 127.906914 34.572359, 127.922764 34.574587, 127.939192 34.597562, 127.954405 34.600792, 127.959663 34.613898, 127.990651 34.624173, 127.992314 34.636594, 128.009416 34.648376))",채낚기연승낚시
20260101,31000016,9,"MULTILINESTRING ((127.878608 34.532296, 127.888542 34.524035, 127.916210 34.526026, 127.928272 34.517638, 127.942965 34.520305, 127.968680 34.507645, 127.999063 34.522168, 128.017037 34.515753, 128.044620 34.529221))",채낚기연승낚시
20260101,31000016,10,"MULTILINESTRING ((127.871767 34.524270, 127.874232 34.506180, 127.896785 34.497652, 127.909892 34.471176, 127.930524 34.468895, 127.941582 34.455329, 127.964198 34.456739, 127.979438 34.444943, 127.997834 34.447744, 128.026306 34.433970, 128.042468 34.439644, 128.068123 34.435168, 128.080848 34.443935))",채낚기연승낚시
20260101,31000016,11,"MULTILINESTRING ((127.846670 34.555858, 127.847007 34.581333, 127.826196 34.594962, 127.825049 34.611631, 127.808679 34.622289, 127.814624 34.649216, 127.790921 34.661919, 127.789577 34.675235, 127.774567 34.683345))",채낚기연승낚시
20260101,31000016,12,"MULTILINESTRING ((127.884200 34.574009, 127.915070 34.581982, 127.922855 34.595034, 127.942918 34.600981, 127.962954 34.623155, 127.985322 34.624707, 127.991552 34.635748, 128.013739 34.643992, 128.022066 34.670723, 128.042068 34.680012))",채낚기연승낚시
20260101,31000016,13,"MULTILINESTRING ((127.848695 34.522900, 127.830412 34.512771, 127.828399 34.493805, 127.816849 34.485938, 127.815720 34.473498, 127.793878 34.459514, 127.791072 34.430649, 127.772499 34.415513, 127.778534 34.389358, 127.759629 34.370477))",채낚기연승낚시
20260101,31000016,14,"MULTILINESTRING ((127.865992 34.567529, 127.882683 34.571354, 127.893969 34.588640, 127.921066 34.599113, 127.926264 34.613236, 127.947786 34.620970, 127.958866 34.643316, 127.983521 34.651041, 127.988597 34.672052, 128.011919 34.685206, 128.014694 34.713043))",채낚기연승낚시
20260101,31000016,15,"MULTILINESTRING ((127.842424 34.562807, 127.843403 34.586655, 127.821670 34.601058, 127.818317 34.619253, 127.803631 34.626747, 127.795449 34.650992, 127.771782 34.660542, 127.765425 34.683228, 127.745584 34.687931, 127.739005 34.699007, 127.723257 34.701645))",채낚기연승낚시
20260101,31000016,16,"MULTILINESTRING ((127.816164 34.556309, 127.811895 34.569324, 127.797105 34.575052, 127.791820 34.589021, 127.766131 34.603269, 127.763435 34.615633, 127.741826 34.623220, 127.736902 34.633896, 127.713711 34.640203, 127.705421 34.654550, 127.678124 34.659145))",채낚기연승낚시
20260101,31000016,17,"MULTILINESTRING ((127.810037 34.548003, 127.807041 34.563206, 127.782330 34.570208, 127.771105 34.589041, 127.744241 34.596206, 127.734486 34.611802, 127.708427 34.615379, 127.694610 34.628184, 127.662778 34.629327, 127.647182 34.649026))",채낚기연승낚시
20260101,31000017,6,"MULTILINESTRING ((129.530455 35.299894, 129.515073 35.304799, 129.489240 35.292717, 129.468290 35.298279, 129.454516 35.292129, 129.429406 35.298305, 129.403101 35.287252, 129.377633 35.289895, 129.365656 35.283193, 129.345996 35.285221, 129.334293 35.273464, 129.307513 35.270752, 129.292884 35.249005, 129.273536 35.245373))",자망
20260101,31000017,7,"MULTILINESTRING ((129.574499 35.361838, 129.591280 35.350524, 129.608915 35.352679, 129.628418 35.340388, 129.645185 35.343209, 129.657717 35.336208, 129.684184 35.337586, 129.695782 35.328754, 129.708976 35.328874))",자망
20260101,31000017,8,"MULTILINESTRING ((129.565236 35.362889, 129.573588 35.342922, 129.596758 35.331823, 129.598182 35.306063, 129.610979 35.297143, 129.610818 35.283307, 129.629483 35.268171, 129.629927 35.255699, 129.642427 35.246341, 129.641381 35.236328, 129.655839 35.226989, 129.659847 35.207295, 129.671689 35.201964, 129.678884 35.178655))",자망
20260101,31000017,9,"MULTILINESTRING ((129.499245 35.334744, 129.470547 35.342470, 129.453843 35.336358, 129.436485 35.340921, 129.414815 35.331236, 129.386691 35.340632, 129.377518 35.333981, 129.351887 35.338048, 129.331749 35.327456, 129.317113 35.331565, 129.302013 35.321959))",자망
20260101,31000017,10,"MULTILINESTRING ((129.568372 35.327285, 129.573492 35.305238, 129.596836 35.295777, 129.601681 35.282654, 129.617031 35.278471, 129.622355 35.266122, 129.642622 35.258774, 129.652303 35.240802, 129.681893 35.235255, 129.691665 35.212471, 129.715030 35.205906))",자망
20260101,31000017,11,"MULTILINESTRING ((129.569564 35.371794, 129.556993 35.393159, 129.534758 35.396333, 129.527209 35.407910, 129.511519 35.410131, 129.496240 35.428582, 129.481096 35.428334, 129.465714 35.438828, 129.433783 35.436966, 129.410391 35.450466, 129.380311 35.442455, 129.361226 35.448635))",자망
20260101,31000017,12,"MULTILINESTRING ((129.517072 35.386316, 129.516791 35.397113, 129.505509 35.405595, 129.505905 35.417838, 129.489907 35.430552, 129.486329 35.445970, 129.466362 35.453796, 129.458849 35.468001, 129.437958 35.474154, 129.433987 35.487280, 129.419228 35.490001))",자망
20260101,31000017,13,"MULTILINESTRING ((129.510951 35.374722, 129.523335 35.397610, 129.512041 35.418249, 129.524632 35.441140, 129.515867 35.456101, 129.522777 35.470508, 129.504049 35.491584, 129.509651 35.512153, 129.491275 35.530034, 129.491058 35.549057, 129.480661 35.554880, 129.480752 35.578153, 129.470186 35.587324))",자망
20260101,31000017,14,"MULTILINESTRING ((129.549083 35.375539, 129.557296 35.385243, 129.549288 35.403770, 129.555572 35.413246, 129.545808 35.431580, 129.554193 35.447030, 129.544884 35.464289, 129.552295 35.480202, 129.541238 35.503257, 129.550074 35.516139, 129.542603 35.528143, 129.556056 35.549575))",자망
20260101,31000017,15,"MULTILINESTRING ((129.564179 35.375788, 129.587283 35.378407, 129.604826 35.398859, 129.633356 35.401673, 129.645512 35.416376, 129.662921 35.418748, 129.668620 35.429077, 129.683347 35.435088, 129.684339 35.445015, 129.701127 35.458845, 129.697671 35.473363, 129.719225 35.491333, 129.716641 35.507824))",자망
20260101,31000017,16,"MULTILINESTRING ((129.577339 35.310666, 129.582111 35.287529, 129.596065 35.281855, 129.602538 35.269964, 129.623983 35.265502, 129.635921 35.247402, 129.647933 35.245723, 129.654219 35.236245, 129.666327 35.233486, 129.679835 35.211726, 129.701979 35.203789))",자망
20260101,31000017,17,"MULTILINESTRING ((129.552786 35.344885, 129.545320 35.330652, 129.556297 35.314243, 129.551800 35.302096, 129.562687 35.287207, 129.558679 35.277525, 129.574717 35.256270, 129.573127 35.245261, 129.584187 35.234734, 129.587567 35.210231))",자망
20260101,31000018,6,"MULTILINESTRING ((126.865341 34.836284, 126.865826 34.851046, 126.861347 34.859258, 126.846708 34.864903, 126.837300 34.864151, 126.826317 34.858433, 126.815217 34.841492, 126.817046 34.828777, 126.828456 34.816303))",통발
20260101,31000018,7,"MULTILINESTRING ((126.850740 34.872467, 126.840129 34.864869, 126.835483 34.851913, 126.839424 34.838169, 126.846734 34.831465, 126.862981 34.828162, 126.875588 34.831748, 126.890314 34.843945, 126.894553 34.858830, 126.890357 34.871444))",통발
20260101,31000018,8,"MULTILINESTRING ((126.857194 34.869236, 126.851109 34.879963, 126.833991 34.893135, 126.809937 34.894021, 126.790630 34.885260, 126.785360 34.873518, 126.789021 34.858848, 126.797862 34.852053, 126.821091 34.846829, 126.845023 34.851224))",통발
20260101,31000018,9,"MULTILINESTRING ((126.854449 34.841842, 126.851051 34.856953, 126.841564 34.867798, 126.822218 34.870605, 126.805086 34.865221, 126.796155 34.857366, 126.793802 34.848713, 126.802313 34.834956, 126.814159 34.828050, 126.833189 34.826867, 126.841916 34.833869, 126.845448 34.846604))",통발
20260101,31000018,10,"MULTILINESTRING ((126.826531 34.852653, 126.814275 34.846416, 126.807325 34.831799, 126.807934 34.823595, 126.814391 34.815658, 126.835253 34.806746, 126.849889 34.806161, 126.868335 34.814006, 126.875438 34.821790, 126.880219 34.838816, 126.872630 34.853652, 126.861915 34.860575))",통발
20260101,31000018,11,"MULTILINESTRING ((126.853007 34.836137, 126.871397 34.843546, 126.879556 34.858181, 126.874404 34.876916, 126.860742 34.888318, 126.837961 34.892246, 126.821108 34.885914, 126.812100 34.876102, 126.809066 34.860477, 126.812525 34.851420))",통발
20260101,31000018,12,"MULTILINESTRING ((126.817197 34.844049, 126.809368 34.837009, 126.811854 34.821919, 126.824891 34.809638, 126.844345 34.804457, 126.864637 34.811646, 126.874869 34.825822, 126.874087 34.835882, 126.864517 34.851539, 126.853733 34.856414))",통발
20260101,31000018,13,"MULTILINESTRING ((126.842832 34.841940, 126.838202 34.829335, 126.840765 34.817894, 126.855646 34.807002, 126.875346 34.805067, 126.890158 34.808125, 126.903236 34.818113, 126.904332 34.830248, 126.898008 34.839437, 126.885666 34.843908, 126.871413 34.841873, 126.855002 34.831726, 126.853062 34.823790, 126.856081 34.814555))",통발
20260101,31000018,14,"MULTILINESTRING ((126.902885 34.837553, 126.926320 34.833402, 126.949171 34.838321, 126.958111 34.848070, 126.956452 34.864003, 126.944740 34.877928, 126.923913 34.884075, 126.900150 34.882095, 126.890986 34.876573, 126.884917 34.859259, 126.894381 34.841042, 126.912691 34.830926, 126.929986 34.828120, 126.939111 34.830200))",통발
20260101,31000018,15,"MULTILINESTRING ((126.872169 34.894603, 126.859474 34.906538, 126.849493 34.908831, 126.839223 34.905397, 126.828302 34.890920, 126.828902 34.873024, 126.835392 34.865178, 126.845349 34.861604, 126.855613 34.862701, 126.866260 34.868190, 126.870781 34.876736))",통발
20260101,31000018,16,"MULTILINESTRING ((126.849662 34.858290, 126.855658 34.869578, 126.852551 34.888606, 126.845358 34.896057, 126.825686 34.901715, 126.806426 34.898835, 126.797840 34.889397, 126.799037 34.878585, 126.809326 34.870688, 126.822431 34.868827, 126.838748 34.873207))",통발
20260101,31000018,17,"MULTILINESTRING ((126.875374 34.848850, 126.894891 34.856151, 126.899850 34.864150, 126.899642 34.877747, 126.892376 34.884608, 126.881390 34.888748, 126.869770 34.888498, 126.857769 34.879568, 126.849259 34.864965, 126.852362 34.845902, 126.860615 34.838280, 126.881836 34.834095))",통발
20260101,31000019,6,"MULTILINESTRING ((128.203771 36.150983, 128.185059 36.180187, 128.179258 36.196038, 128.173186 36.226993, 128.163148 36.258671, 128.157566 36.282582, 128.143432 36.313857, 128.128775 36.340101, 128.120130 36.356957, 128.107362 36.375559, 128.084130 36.411179, 128.067055 36.432645, 128.055107 36.450786))",연안복합
20260101,31000019,7,"MULTILINESTRING ((128.305432 36.160318, 128.335224 36.184884, 128.355564 36.199138, 128.374895 36.212434, 128.401776 36.233209, 128.427588 36.247585, 128.471676 36.271803, 128.514329 36.291175, 128.552631 36.308401, 128.579701 36.321131, 128.620261 36.335875))",연안복합
20260101,31000019,8,"MULTILINESTRING ((128.200012 36.086680, 128.160819 36.080422, 128.121974 36.074848, 128.071627 36.068326, 128.032956 36.061426, 127.997720 36.049567, 127.953645 36.029848, 127.918764 36.016290))",연안복합
20260101,31000019,9,"MULTILINESTRING ((128.205692 36.086648, 128.169643 36.066024, 128.137288 36.044149, 128.115859 36.029600, 128.082048 36.001704, 128.070260 35.986020, 128.051266 35.966406, 128.025076 35.940993, 127.998273 35.916254, 127.971319 35.886064))",연안복합
20260101,31000019,10,"MULTILINESTRING ((128.251929 36.125011, 128.277178 36.152906, 128.302959 36.181918, 128.327771 36.206481, 128.356789 36.236434, 128.375850 36.258190, 128.392483 36.271213, 128.412438 36.285375, 128.438778 36.304406))",연안복합
20260101,31000019,11,"MULTILINESTRING ((128.246163 36.124217, 128.235969 36.142551, 128.227355 36.169467, 128.216861 36.199043, 128.209415 36.220382, 128.199515 36.242422, 128.184254 36.274377, 128.174927 36.306622, 128.176103 36.332871, 128.182923 36.362799))",연안복합
20260101,31000019,12,"MULTILINESTRING ((128.266748 36.070146, 128.275653 36.050228, 128.283378 36.023081, 128.288054 36.005089, 128.294083 35.968138, 128.299886 35.937260, 128.307856 35.907012, 128.310077 35.870320, 128.312483 35.850571, 128.319878 35.811467, 128.322710 35.772796, 128.327613 35.755027, 128.335397 35.724698, 128.350723 35.685732))",연안복합
20260101,31000019,13,"MULTILINESTRING ((128.197344 36.088650, 128.163173 36.067106, 128.144062 36.051648, 128.108405 36.019189, 128.090519 36.006552, 128.073823 35.994296, 128.040076 35.964387, 128.002373 35.938061, 127.979219 35.921208, 127.957642 35.903942, 127.923509 35.874439, 127.886160 35.847250))",연안복합
20260101,31000019,14,"MULTILINESTRING ((128.230000 36.101466, 128.205670 36.073984, 128.176862 36.040581, 128.164969 36.024980, 128.133957 35.990971, 128.110507 35.952807, 128.094380 35.929372, 128.071758 35.897423, 128.053556 35.867949, 128.037848 35.840986, 128.024574 35.826638, 128.000453 35.790496, 127.971349 35.776084, 127.942260 35.752818))",연안복합
20260101,31000019,15,"MULTILINESTRING ((128.281800 36.036546, 128.292005 36.015578, 128.309901 35.983041, 128.325976 35.949424, 128.349391 35.910406, 128.369283 35.886227, 128.380532 35.865026, 128.391117 35.825712, 128.403391 35.788606, 128.419961 35.752379, 128.427024 35.733139, 128.429577 35.695854))",연안복합
20260101,31000019,16,"MULTILINESTRING ((128.230776 36.079686, 128.209638 36.046835, 128.193661 36.019496, 128.171863 35.988635, 128.159438 35.973478, 128.138800 35.948111, 128.113741 35.919794, 128.086102 35.898873, 128.064495 35.881578, 128.040306 35.864539, 128.006176 35.842622, 127.968372 35.823797))",연안복합
20260101,31000019,17,"MULTILINESTRING ((128.291116 36.138563, 128.322226 36.166911, 128.338196 36.187810, 128.350235 36.220539, 128.358047 36.238572, 128.377961 36.264313, 128.389027 36.284266, 128.401864 36.307557, 128.416908 36.336978, 128.433638 36.375178, 128.445371 36.395517, 128.479318 36.421497, 128.503136 36.456398, 128.517800 36.476474))",연안복합
20260101,31000020,6,"MULTILINESTRING ((128.983920 34.651941, 128.972204 34.645572, 128.970222 34.621407, 128.953787 34.611145, 128.949300 34.587552, 128.934940 34.579134, 128.934000 34.562943, 128.919614 34.555887, 128.918008 34.536332, 128.906228 34.525999, 128.911223 34.510477, 128.902878 34.497120, 128.919669 34.472461))",채낚기연승낚시
20260101,31000020,7,"MULTILINESTRING ((128.950630 34.652984, 128.939871 34.679967, 128.917527 34.688642, 128.914137 34.699794, 128.899424 34.704819, 128.884953 34.721546, 128.853521 34.724455, 128.843932 34.735404, 128.820472 34.737253, 128.803630 34.754914, 128.783969 34.753060, 128.757428 34.771100))",채낚기연승낚시
20260101,31000020,8,"MULTILINESTRING ((129.010326 34.665814, 129.001001 34.691324, 128.980280 34.700568, 128.972405 34.724138, 128.948273 34.731358, 128.937563 34.755556, 128.905662 34.761122, 128.888287 34.786210, 128.868753 34.790355, 128.851455 34.805751, 128.829427 34.805807))",채낚기연승낚시
20260101,31000020,9,"MULTILINESTRING ((129.003022 34.618231, 129.000404 34.606761, 129.009810 34.597557, 129.005517 34.580284, 129.019716 34.567604, 129.020491 34.548372, 129.038202 34.536601, 129.039844 34.515816, 129.063345 34.503359))",채낚기연승낚시
20260101,31000020,10,"MULTILINESTRING ((128.963107 34.633280, 128.935086 34.623850, 128.926191 34.602917, 128.906615 34.595029, 128.899286 34.575292, 128.866053 34.567534, 128.852480 34.545617, 128.835829 34.543453))",채낚기연승낚시
20260101,31000020,11,"MULTILINESTRING ((128.990068 34.633439, 128.972262 34.623701, 128.971674 34.605904, 128.955780 34.591176, 128.962491 34.568457, 128.942512 34.546617, 128.949553 34.529817, 128.938746 34.505722, 128.958044 34.485483))",채낚기연승낚시
20260101,31000020,12,"MULTILINESTRING ((128.963596 34.637202, 128.931662 34.634328, 128.916778 34.614086, 128.890523 34.608697, 128.882813 34.598446, 128.851879 34.594173, 128.839342 34.568060, 128.810603 34.554897, 128.805151 34.528465, 128.779985 34.511674, 128.780729 34.498586))",채낚기연승낚시
20260101,31000020,13,"MULTILINESTRING ((128.997845 34.643265, 128.968469 34.659099, 128.936850 34.650407, 128.920242 34.656505, 128.900069 34.646926, 128.870761 34.653633, 128.852788 34.643245, 128.833596 34.643493))",채낚기연승낚시
20260101,31000020,14,"MULTILINESTRING ((129.014673 34.638328, 129.027863 34.630442, 129.057292 34.638583, 129.081602 34.628427, 129.096493 34.634734, 129.115891 34.628928, 129.132237 34.643406, 129.151820 34.641728, 129.175474 34.661207))",채낚기연승낚시
20260101,31000020,15,"MULTILINESTRING ((128.998979 34.671312, 129.007085 34.687427, 128.994825 34.711838, 128.999423 34.722800, 128.990474 34.732906, 129.000176 34.757030, 128.994604 34.771678, 129.013060 34.790447, 129.010965 34.803430, 129.020058 34.824045, 129.007464 34.838464))",채낚기연승낚시
20260101,31000020,16,"MULTILINESTRING ((128.988727 34.670865, 129.012077 34.688441, 129.011061 34.716830, 129.020363 34.727744, 129.008119 34.747089, 129.016599 34.763564, 128.999820 34.788093, 129.007102 34.812087))",채낚기연승낚시
20260101,31000020,17,"MULTILINESTRING ((129.011585 34.649728, 129.031046 34.632711, 129.045842 34.632026, 129.060090 34.622025, 129.084722 34.625843, 129.097520 34.613566, 129.126738 34.614098, 129.141648 34.602441, 129.175848 34.600406, 129.187339 34.589684, 129.204823 34.589044, 129.215345 34.579721))",채낚기연승낚시
